filename,title
IMG_8574.jpg,House of X / Powers of X
IMG_8582.jpg,X-Men Epic Collection: The Fate of the Phoenix
IMG_8589.jpg,X-Men Epic Collection: Proteus
IMG_8596.jpg,X-Men Epic Collection: Second Genesis
IMG_8603.jpg,New X-Men
IMG_8609.jpg,Fantastic Four by Jonathan Hickman
IMG_8615.jpg,Fantastic Four by Jonathan Hickman
IMG_8624.jpg,Avengers by Jonathan Hickman
IMG_8626.jpg,Watchmen
IMG_8643.jpg,Nightwing: Leaping into the Light
IMG_8651.jpg,Nightwing: Get Grayson
IMG_8657.jpg,Nightwing: The Battle for Bludhaven's Heart
IMG_8664.jpg,Nightwing: The Leap
IMG_8671.jpg,Batman: Year One
IMG_8677.jpg,Batman: The Long Halloween
IMG_8685.jpg,Batman: Dark Victory
IMG_8692.jpg,Batman: Hush
IMG_8703.jpg,House of X / Powers of X
IMG_8704.jpg,House of X / Powers of X
IMG_8706.jpg,X-Men Epic Collection: Second Genesis
IMG_8707.jpg,X-Men Epic Collection: Second Genesis
IMG_8708.jpg,X-Men Epic Collection: Proteus
IMG_8709.jpg,X-Men Epic Collection: Proteus
IMG_8711.jpg,X-Men Epic Collection: The Fate of the Phoenix
IMG_8712.jpg,Nightwing: Leaping into the Light
IMG_8713.jpg,Nightwing: Leaping into the Light
"Photo Jul 07 2026, 12 05 03 PM.jpg",Batman: The Court of Owls
"Photo Jul 07 2026, 12 05 16 PM.jpg",Batman: The City of Owls
"Photo Jul 07 2026, 12 05 31 PM.jpg",Batman: Death of the Family
"Photo Jul 07 2026, 12 05 40 PM.jpg",Batman: Zero Year - Secret City
"Photo Jul 07 2026, 12 05 52 PM.jpg",Batman: Zero Year - Dark City
"Photo Jul 07 2026, 12 06 12 PM.jpg",Batman: Graveyard Shift
"Photo Jul 07 2026, 12 06 21 PM.jpg",Batman: Endgame
"Photo Jul 07 2026, 12 06 31 PM.jpg",The Joker: Death of the Family
"Photo Jul 07 2026, 12 07 17 PM.jpg",Batman: Detective
"Photo Jul 07 2026, 12 07 23 PM.jpg",Batman: Killing Time
"Photo Jul 07 2026, 12 08 38 PM.jpg",Batman: I Am Gotham
"Photo Jul 07 2026, 12 08 45 PM.jpg",Batman: I Am Suicide
"Photo Jul 07 2026, 12 08 52 PM.jpg",Batman: I Am Bane
"Photo Jul 07 2026, 12 08 58 PM.jpg",Batman: The War of Jokes and Riddles
"Photo Jul 07 2026, 12 09 05 PM.jpg",Batman: The Rules of Engagement
"Photo Jul 07 2026, 12 09 46 PM.jpg",The Flash: Move Forward
"Photo Jul 07 2026, 12 09 53 PM.jpg",The Flash: Rogues' Revolution
"Photo Jul 07 2026, 12 09 58 PM.jpg",The Flash: Gorilla Warfare
"Photo Jul 07 2026, 12 10 05 PM.jpg",The Flash: Reverse
"Photo Jul 07 2026, 12 10 31 PM.jpg",All-Star Superman
"Photo Jul 07 2026, 12 10 49 PM.jpg",Superman: For All Seasons
"Photo Oct 08 2025, 11 05 40 AM.jpg",Invincible Compendium One
"Photo Oct 08 2025, 11 06 00 AM.jpg",Invincible Compendium One
"Photo Oct 08 2025, 11 06 17 AM.jpg",Invincible Compendium One
"Photo Oct 08 2025, 11 06 34 AM.jpg",Simpsons Treehouse of Horror Omnibus Vol. 1
"Photo Oct 08 2025, 11 06 52 AM.jpg",Invincible Compendium One
"Photo Oct 08 2025, 11 07 11 AM.jpg",Invincible Compendium One
"Photo Oct 08 2025, 11 07 34 AM.jpg",Simpsons Treehouse of Horror Omnibus Vol. 1
"Photo Oct 08 2025, 11 07 57 AM.jpg",Simpsons Treehouse of Horror Omnibus Vol. 2
"Photo Oct 08 2025, 11 08 24 AM.jpg",Simpsons Treehouse of Horror Omnibus Vol. 3
"Photo Oct 08 2025, 11 08 44 AM.jpg",Fantastic Four by Waid & Wieringo
"Photo Oct 08 2025, 11 09 41 AM.jpg",Astonishing X-Men: Gifted
"Photo Oct 08 2025, 11 10 06 AM.jpg",Astonishing X-Men: Unstoppable
"Photo Oct 08 2025, 11 10 39 AM.jpg",Daredevil by Bendis & Maleev
"Photo Oct 08 2025, 11 11 00 AM.jpg",Dawn of X
"Photo Oct 08 2025, 11 11 41 AM.jpg",Thor by Jason Aaron
"Photo Oct 08 2025, 11 12 01 AM.jpg",Thor by Jason Aaron
"Photo Oct 08 2025, 11 12 25 AM.jpg",Venom by Donny Cates
"Photo Oct 08 2025, 11 12 46 AM.jpg",Thor by Jason Aaron
"Photo Oct 08 2025, 11 13 15 AM.jpg",Daredevil: Born Again
"Photo Oct 08 2025, 11 13 22 AM.jpg",Daredevil: The Man Without Fear
"Photo Oct 08 2025, 11 14 22 AM.jpg",Daredevil by Bendis & Maleev
"Photo Oct 08 2025, 11 14 44 AM.jpg",Daredevil by Bendis & Maleev
"Photo Oct 08 2025, 11 15 01 AM.jpg",Daredevil by Bendis & Maleev
"Photo Oct 08 2025, 11 15 17 AM.jpg",Daredevil by Bendis & Maleev
"Photo Oct 08 2025, 11 16 06 AM.jpg",The Infinity Gauntlet
"Photo Oct 08 2025, 11 17 28 AM.jpg",Avengers by Jonathan Hickman
"Photo Oct 08 2025, 11 18 13 AM.jpg",Doomsday Clock
"Photo Oct 08 2025, 11 18 32 AM.jpg",Doomsday Clock
"Photo Oct 08 2025, 11 19 01 AM.jpg",Rorschach
"Photo Oct 08 2025, 11 19 23 AM.jpg",Hawkeye
